1481995783,"Script error.","""""",0,0,null
1481995783,"Script error.","""""",0,0,null
1481995784,"Script error.","""""",0,0,null
1481995784,"Script error.","""""",0,0,null
1481995785,"Script error.","""""",0,0,null
1481995785,"Script error.","""""",0,0,null
1481995786,"Script error.","""""",0,0,null
1481995787,"Script error.","""""",0,0,null
1481995788,"Script error.","""""",0,0,null
1481995789,"Script error.","""""",0,0,null
1481995790,"Script error.","""""",0,0,null
1481995791,"Script error.","""""",0,0,null
1481995792,"Script error.","""""",0,0,null
1481995793,"Script error.","""""",0,0,null
1481995794,"Script error.","""""",0,0,null
1481995795,"Script error.","""""",0,0,null
1481995796,"Script error.","""""",0,0,null
1481995797,"Script error.","""""",0,0,null
1481995798,"Script error.","""""",0,0,null
1481995799,"Script error.","""""",0,0,null
1481995800,"Script error.","""""",0,0,null
1481995801,"Script error.","""""",0,0,null
1481995802,"Script error.","""""",0,0,null
1481995803,"Script error.","""""",0,0,null
1481995804,"Script error.","""""",0,0,null
1481995805,"Script error.","""""",0,0,null
1481995806,"Script error.","""""",0,0,null
1481995807,"Script error.","""""",0,0,null
1481995808,"Script error.","""""",0,0,null
1481995809,"Script error.","""""",0,0,null
1481995810,"Script error.","""""",0,0,null
1481995811,"Script error.","""""",0,0,null
1481995812,"Script error.","""""",0,0,null
1481995813,"Script error.","""""",0,0,null
1481995814,"Script error.","""""",0,0,null
1481995815,"Script error.","""""",0,0,null
1481995816,"Script error.","""""",0,0,null
1481995820,"Script error.","""""",0,0,null
1481995821,"Script error.","""""",0,0,null
1481995821,"Script error.","""""",0,0,null
1481995822,"Script error.","""""",0,0,null
1481995822,"Script error.","""""",0,0,null
1481995822,"Script error.","""""",0,0,null
1481995823,"Script error.","""""",0,0,null
1481995824,"Script error.","""""",0,0,null
1481995824,"Script error.","""""",0,0,null
1481995825,"Script error.","""""",0,0,null
1481995825,"Script error.","""""",0,0,null
1481995826,"Script error.","""""",0,0,null
1481995826,"Script error.","""""",0,0,null
1481995827,"Script error.","""""",0,0,null
1481995827,"Script error.","""""",0,0,null
1481995828,"Script error.","""""",0,0,null
1481995828,"Script error.","""""",0,0,null
1481995829,"Script error.","""""",0,0,null
1481995829,"Script error.","""""",0,0,null
1481995830,"Script error.","""""",0,0,null
1481995830,"Script error.","""""",0,0,null
1481995831,"Script error.","""""",0,0,null
1481995831,"Script error.","""""",0,0,null
1481995832,"Script error.","""""",0,0,null
1481995832,"Script error.","""""",0,0,null
1481995833,"Script error.","""""",0,0,null
1481995833,"Script error.","""""",0,0,null
1481995834,"Script error.","""""",0,0,null
1481995834,"Script error.","""""",0,0,null
1481995835,"Script error.","""""",0,0,null
1481995835,"Script error.","""""",0,0,null
1481995836,"Script error.","""""",0,0,null
1481995836,"Script error.","""""",0,0,null
1481995837,"Script error.","""""",0,0,null
1481995837,"Script error.","""""",0,0,null
1481995838,"Script error.","""""",0,0,null
1481995838,"Script error.","""""",0,0,null
1481995839,"Script error.","""""",0,0,null
1481995839,"Script error.","""""",0,0,null
1481995840,"Script error.","""""",0,0,null
1481995840,"Script error.","""""",0,0,null
1481995841,"Script error.","""""",0,0,null
1481995841,"Script error.","""""",0,0,null
1481995842,"Script error.","""""",0,0,null
1481995842,"Script error.","""""",0,0,null
1481995843,"Script error.","""""",0,0,null
1481995843,"Script error.","""""",0,0,null
1481995844,"Script error.","""""",0,0,null
1481995844,"Script error.","""""",0,0,null
1481995845,"Script error.","""""",0,0,null
1481995845,"Script error.","""""",0,0,null
1481995846,"Script error.","""""",0,0,null
1481995846,"Script error.","""""",0,0,null
1481995847,"Script error.","""""",0,0,null
1481995847,"Script error.","""""",0,0,null
1481995848,"Script error.","""""",0,0,null
1481995848,"Script error.","""""",0,0,null
1481995849,"Script error.","""""",0,0,null
1481995849,"Script error.","""""",0,0,null
1481995850,"Script error.","""""",0,0,null
1481995850,"Script error.","""""",0,0,null
1481995851,"Script error.","""""",0,0,null
1481995852,"Script error.","""""",0,0,null
1481995853,"Script error.","""""",0,0,null
1481995854,"Script error.","""""",0,0,null
1481995855,"Script error.","""""",0,0,null
1481995856,"Script error.","""""",0,0,null
1481995857,"Script error.","""""",0,0,null
1481995858,"Script error.","""""",0,0,null
1481995859,"Script error.","""""",0,0,null
1481995860,"Script error.","""""",0,0,null
1481995861,"Script error.","""""",0,0,null
1481995862,"Script error.","""""",0,0,null
1481995863,"Script error.","""""",0,0,null
1481995864,"Script error.","""""",0,0,null
1481995865,"Script error.","""""",0,0,null
1481995866,"Script error.","""""",0,0,null
1481995867,"Script error.","""""",0,0,null
1481995868,"Script error.","""""",0,0,null
1481995869,"Script error.","""""",0,0,null
1481995870,"Script error.","""""",0,0,null
1481995871,"Script error.","""""",0,0,null
1481995872,"Script error.","""""",0,0,null
1481995873,"Script error.","""""",0,0,null
1481995874,"Script error.","""""",0,0,null
1481995875,"Script error.","""""",0,0,null
1481995876,"Script error.","""""",0,0,null
1481995877,"Script error.","""""",0,0,null
1481995878,"Script error.","""""",0,0,null
1481995879,"Script error.","""""",0,0,null
1481995880,"Script error.","""""",0,0,null
1481995881,"Script error.","""""",0,0,null
1481995882,"Script error.","""""",0,0,null
1481995883,"Script error.","""""",0,0,null
1481995884,"Script error.","""""",0,0,null
1481995885,"Script error.","""""",0,0,null
1481995886,"Script error.","""""",0,0,null
1481995887,"Script error.","""""",0,0,null
1481995888,"Script error.","""""",0,0,null
1481995889,"Script error.","""""",0,0,null
1481995890,"Script error.","""""",0,0,null
1481995891,"Script error.","""""",0,0,null
1481995892,"Script error.","""""",0,0,null
1481995893,"Script error.","""""",0,0,null
1481995894,"Script error.","""""",0,0,null
1481995895,"Script error.","""""",0,0,null
1481995896,"Script error.","""""",0,0,null
1481995897,"Script error.","""""",0,0,null
1481995898,"Script error.","""""",0,0,null
1481995899,"Script error.","""""",0,0,null
1481995900,"Script error.","""""",0,0,null
1481995901,"Script error.","""""",0,0,null
1481995902,"Script error.","""""",0,0,null
1481995903,"Script error.","""""",0,0,null
1481995904,"Script error.","""""",0,0,null
1481995905,"Script error.","""""",0,0,null
1481995906,"Script error.","""""",0,0,null
1481995907,"Script error.","""""",0,0,null
1481995908,"Script error.","""""",0,0,null
1481995909,"Script error.","""""",0,0,null
1481995910,"Script error.","""""",0,0,null
1481995911,"Script error.","""""",0,0,null
1481995912,"Script error.","""""",0,0,null
1481995913,"Script error.","""""",0,0,null
1481995914,"Script error.","""""",0,0,null
1481995915,"Script error.","""""",0,0,null
1481995916,"Script error.","""""",0,0,null
1481995917,"Script error.","""""",0,0,null
1481995918,"Script error.","""""",0,0,null
1481995919,"Script error.","""""",0,0,null
1481995920,"Script error.","""""",0,0,null
1481995921,"Script error.","""""",0,0,null
1481995922,"Script error.","""""",0,0,null
1481995923,"Script error.","""""",0,0,null
1481995924,"Script error.","""""",0,0,null
1481995925,"Script error.","""""",0,0,null
1481995926,"Script error.","""""",0,0,null
1481995927,"Script error.","""""",0,0,null
1481995928,"Script error.","""""",0,0,null
1481995929,"Script error.","""""",0,0,null
1481995930,"Script error.","""""",0,0,null
1481995931,"Script error.","""""",0,0,null
1481995932,"Script error.","""""",0,0,null
1481995933,"Script error.","""""",0,0,null
1481995934,"Script error.","""""",0,0,null
1481995935,"Script error.","""""",0,0,null
1481995936,"Script error.","""""",0,0,null
1481995937,"Script error.","""""",0,0,null
1481995938,"Script error.","""""",0,0,null
1481995939,"Script error.","""""",0,0,null
1481995940,"Script error.","""""",0,0,null
1481995941,"Script error.","""""",0,0,null
1481995942,"Script error.","""""",0,0,null
1481995943,"Script error.","""""",0,0,null
1481995944,"Script error.","""""",0,0,null
1481995945,"Script error.","""""",0,0,null
1481995946,"Script error.","""""",0,0,null
1481995947,"Script error.","""""",0,0,null
1481995948,"Script error.","""""",0,0,null
1481995949,"Script error.","""""",0,0,null
1481995950,"Script error.","""""",0,0,null
1481995951,"Script error.","""""",0,0,null
1481995952,"Script error.","""""",0,0,null
1481995953,"Script error.","""""",0,0,null
1481995954,"Script error.","""""",0,0,null
1481995955,"Script error.","""""",0,0,null
1481995956,"Script error.","""""",0,0,null
1481995957,"Script error.","""""",0,0,null
1481995958,"Script error.","""""",0,0,null
1481995959,"Script error.","""""",0,0,null
1481995960,"Script error.","""""",0,0,null
1481995961,"Script error.","""""",0,0,null
1481995962,"Script error.","""""",0,0,null
1481995962,"Script error.","""""",0,0,null
1481995963,"Script error.","""""",0,0,null
1481995963,"Script error.","""""",0,0,null
1481995964,"Script error.","""""",0,0,null
1481995964,"Script error.","""""",0,0,null
1481995965,"Script error.","""""",0,0,null
1481995965,"Script error.","""""",0,0,null
1481995966,"Script error.","""""",0,0,null
1481995966,"Script error.","""""",0,0,null
1481995967,"Script error.","""""",0,0,null
1481995967,"Script error.","""""",0,0,null
1481995968,"Script error.","""""",0,0,null
1481995968,"Script error.","""""",0,0,null
1481995969,"Script error.","""""",0,0,null
1481995969,"Script error.","""""",0,0,null
1481995970,"Script error.","""""",0,0,null
1481995970,"Script error.","""""",0,0,null
1481995971,"Script error.","""""",0,0,null
1481995971,"Script error.","""""",0,0,null
1481995972,"Script error.","""""",0,0,null
1481995972,"Script error.","""""",0,0,null
1481995973,"Script error.","""""",0,0,null
1481995973,"Script error.","""""",0,0,null
1481995974,"Script error.","""""",0,0,null
1481995974,"Script error.","""""",0,0,null
1481995975,"Script error.","""""",0,0,null
1481995975,"Script error.","""""",0,0,null
1481995976,"Script error.","""""",0,0,null
1481995976,"Script error.","""""",0,0,null
1481995977,"Script error.","""""",0,0,null
1481995977,"Script error.","""""",0,0,null
1481995978,"Script error.","""""",0,0,null
1481995978,"Script error.","""""",0,0,null
1481995979,"Script error.","""""",0,0,null
1481995979,"Script error.","""""",0,0,null
1481995980,"Script error.","""""",0,0,null
1481995980,"Script error.","""""",0,0,null
1481995981,"Script error.","""""",0,0,null
1481995981,"Script error.","""""",0,0,null
1481995982,"Script error.","""""",0,0,null
1481995982,"Script error.","""""",0,0,null
1481995983,"Script error.","""""",0,0,null
1481995983,"Script error.","""""",0,0,null
1481995984,"Script error.","""""",0,0,null
1481995984,"Script error.","""""",0,0,null
1481995985,"Script error.","""""",0,0,null
1481995985,"Script error.","""""",0,0,null
1481995986,"Script error.","""""",0,0,null
1481995986,"Script error.","""""",0,0,null
1481995987,"Script error.","""""",0,0,null
1481995987,"Script error.","""""",0,0,null
1481995988,"Script error.","""""",0,0,null
1481995988,"Script error.","""""",0,0,null
1481995989,"Script error.","""""",0,0,null
1481995989,"Script error.","""""",0,0,null
1481995990,"Script error.","""""",0,0,null
1481995990,"Script error.","""""",0,0,null
1481995991,"Script error.","""""",0,0,null
1481995991,"Script error.","""""",0,0,null
1481995992,"Script error.","""""",0,0,null
1481995992,"Script error.","""""",0,0,null
1481995993,"Script error.","""""",0,0,null
1481995993,"Script error.","""""",0,0,null
1481995994,"Script error.","""""",0,0,null
1481995994,"Script error.","""""",0,0,null
1481995995,"Script error.","""""",0,0,null
1481995995,"Script error.","""""",0,0,null
1481995996,"Script error.","""""",0,0,null
1481995996,"Script error.","""""",0,0,null
1481995997,"Script error.","""""",0,0,null
1481995997,"Script error.","""""",0,0,null
1481995998,"Script error.","""""",0,0,null
1481995998,"Script error.","""""",0,0,null
1481995999,"Script error.","""""",0,0,null
1481995999,"Script error.","""""",0,0,null
1481996000,"Script error.","""""",0,0,null
1481996000,"Script error.","""""",0,0,null
1481996001,"Script error.","""""",0,0,null
1481996001,"Script error.","""""",0,0,null
1481996002,"Script error.","""""",0,0,null
1481996002,"Script error.","""""",0,0,null
1481996003,"Script error.","""""",0,0,null
1481996003,"Script error.","""""",0,0,null
1481996004,"Script error.","""""",0,0,null
1481996004,"Script error.","""""",0,0,null
1481996005,"Script error.","""""",0,0,null
1481996005,"Script error.","""""",0,0,null
1481996006,"Script error.","""""",0,0,null
1481996006,"Script error.","""""",0,0,null
1481996007,"Script error.","""""",0,0,null
1481996007,"Script error.","""""",0,0,null
1481996008,"Script error.","""""",0,0,null
1481996008,"Script error.","""""",0,0,null
1481996009,"Script error.","""""",0,0,null
1481996009,"Script error.","""""",0,0,null
1481996010,"Script error.","""""",0,0,null
1481996010,"Script error.","""""",0,0,null
1481996011,"Script error.","""""",0,0,null
1481996011,"Script error.","""""",0,0,null
1481996012,"Script error.","""""",0,0,null
1481996012,"Script error.","""""",0,0,null
1481996013,"Script error.","""""",0,0,null
1481996013,"Script error.","""""",0,0,null
1481996014,"Script error.","""""",0,0,null
1481996014,"Script error.","""""",0,0,null
1481996015,"Script error.","""""",0,0,null
1481996015,"Script error.","""""",0,0,null
1481996016,"Script error.","""""",0,0,null
1481996016,"Script error.","""""",0,0,null
1481996017,"Script error.","""""",0,0,null
1481996017,"Script error.","""""",0,0,null
1481996018,"Script error.","""""",0,0,null
1481996018,"Script error.","""""",0,0,null
1481996019,"Script error.","""""",0,0,null
1481996019,"Script error.","""""",0,0,null
1481996020,"Script error.","""""",0,0,null
1481996020,"Script error.","""""",0,0,null
1481996021,"Script error.","""""",0,0,null
1481996021,"Script error.","""""",0,0,null
1481996022,"Script error.","""""",0,0,null
1481996022,"Script error.","""""",0,0,null
1481996023,"Script error.","""""",0,0,null
1481996023,"Script error.","""""",0,0,null
1481996024,"Script error.","""""",0,0,null
1481996024,"Script error.","""""",0,0,null
1481996025,"Script error.","""""",0,0,null
1481996025,"Script error.","""""",0,0,null
1481996026,"Script error.","""""",0,0,null
1481996026,"Script error.","""""",0,0,null
1481996027,"Script error.","""""",0,0,null
1481996027,"Script error.","""""",0,0,null
1481996028,"Script error.","""""",0,0,null
1481996028,"Script error.","""""",0,0,null
1481996029,"Script error.","""""",0,0,null
1481996029,"Script error.","""""",0,0,null
1481996030,"Script error.","""""",0,0,null
1481996030,"Script error.","""""",0,0,null
1481996031,"Script error.","""""",0,0,null
1481996031,"Script error.","""""",0,0,null
1481996032,"Script error.","""""",0,0,null
1481996032,"Script error.","""""",0,0,null
1481996033,"Script error.","""""",0,0,null
1481996033,"Script error.","""""",0,0,null
1481996034,"Script error.","""""",0,0,null
1481996034,"Script error.","""""",0,0,null
1481996035,"Script error.","""""",0,0,null
1481996035,"Script error.","""""",0,0,null
1481996036,"Script error.","""""",0,0,null
1481996036,"Script error.","""""",0,0,null
1481996037,"Script error.","""""",0,0,null
1481996037,"Script error.","""""",0,0,null
1481996038,"Script error.","""""",0,0,null
1481996038,"Script error.","""""",0,0,null
1481996039,"Script error.","""""",0,0,null
1481996039,"Script error.","""""",0,0,null
1481996040,"Script error.","""""",0,0,null
1481996040,"Script error.","""""",0,0,null
1481996042,"Script error.","""""",0,0,null
1481996043,"Script error.","""""",0,0,null
1481996043,"Script error.","""""",0,0,null
1481996044,"Script error.","""""",0,0,null
1481996044,"Script error.","""""",0,0,null
1481996045,"Script error.","""""",0,0,null
1481996045,"Script error.","""""",0,0,null
1481996046,"Script error.","""""",0,0,null
1481996046,"Script error.","""""",0,0,null
1481996047,"Script error.","""""",0,0,null
1481996047,"Script error.","""""",0,0,null
1481996048,"Script error.","""""",0,0,null
1481996048,"Script error.","""""",0,0,null
1481996049,"Script error.","""""",0,0,null
1481996049,"Script error.","""""",0,0,null
1481996050,"Script error.","""""",0,0,null
1481996050,"Script error.","""""",0,0,null
1481996051,"Script error.","""""",0,0,null
1481996051,"Script error.","""""",0,0,null
1481996052,"Script error.","""""",0,0,null
1481996052,"Script error.","""""",0,0,null
1481996053,"Script error.","""""",0,0,null
1481996053,"Script error.","""""",0,0,null
1481996054,"Script error.","""""",0,0,null
1481996054,"Script error.","""""",0,0,null
1481996055,"Script error.","""""",0,0,null
1481996055,"Script error.","""""",0,0,null
1481996056,"Script error.","""""",0,0,null
1481996056,"Script error.","""""",0,0,null
1481996057,"Script error.","""""",0,0,null
1481996057,"Script error.","""""",0,0,null
1481996058,"Script error.","""""",0,0,null
1481996058,"Script error.","""""",0,0,null
1481996059,"Script error.","""""",0,0,null
1481996059,"Script error.","""""",0,0,null
1481996060,"Script error.","""""",0,0,null
1481996060,"Script error.","""""",0,0,null
1481996061,"Script error.","""""",0,0,null
1481996061,"Script error.","""""",0,0,null
1481996062,"Script error.","""""",0,0,null
1481996062,"Script error.","""""",0,0,null
1481996063,"Script error.","""""",0,0,null
1481996063,"Script error.","""""",0,0,null
1481996064,"Script error.","""""",0,0,null
1481996064,"Script error.","""""",0,0,null
1481996065,"Script error.","""""",0,0,null
1481996065,"Script error.","""""",0,0,null
1481996066,"Script error.","""""",0,0,null
1481996066,"Script error.","""""",0,0,null
1481996067,"Script error.","""""",0,0,null
1481996067,"Script error.","""""",0,0,null
1481996068,"Script error.","""""",0,0,null
1481996068,"Script error.","""""",0,0,null
1481996069,"Script error.","""""",0,0,null
1481996069,"Script error.","""""",0,0,null
1481996070,"Script error.","""""",0,0,null
1481996070,"Script error.","""""",0,0,null
1481996071,"Script error.","""""",0,0,null
1481996071,"Script error.","""""",0,0,null
1481996072,"Script error.","""""",0,0,null
1481996072,"Script error.","""""",0,0,null
1481996073,"Script error.","""""",0,0,null
1481996073,"Script error.","""""",0,0,null
1481996074,"Script error.","""""",0,0,null
1481996074,"Script error.","""""",0,0,null
1481996075,"Script error.","""""",0,0,null
1481996075,"Script error.","""""",0,0,null
1481996076,"Script error.","""""",0,0,null
1481996076,"Script error.","""""",0,0,null
1481996077,"Script error.","""""",0,0,null
1481996077,"Script error.","""""",0,0,null
1481996078,"Script error.","""""",0,0,null
1481996078,"Script error.","""""",0,0,null
1481996079,"Script error.","""""",0,0,null
1481996079,"Script error.","""""",0,0,null
1481996080,"Script error.","""""",0,0,null
1481996080,"Script error.","""""",0,0,null
1481996081,"Script error.","""""",0,0,null
1481996081,"Script error.","""""",0,0,null
1481996082,"Script error.","""""",0,0,null
1481996082,"Script error.","""""",0,0,null
1481996083,"Script error.","""""",0,0,null
1481996083,"Script error.","""""",0,0,null
1481996084,"Script error.","""""",0,0,null
1481996084,"Script error.","""""",0,0,null
1481996085,"Script error.","""""",0,0,null
1481996085,"Script error.","""""",0,0,null
1481996086,"Script error.","""""",0,0,null
1481996086,"Script error.","""""",0,0,null
1481996087,"Script error.","""""",0,0,null
1481996087,"Script error.","""""",0,0,null
1481996088,"Script error.","""""",0,0,null
1481996088,"Script error.","""""",0,0,null
1481996089,"Script error.","""""",0,0,null
1481996089,"Script error.","""""",0,0,null
1481996090,"Script error.","""""",0,0,null
1481996090,"Script error.","""""",0,0,null
1481996091,"Script error.","""""",0,0,null
1481996091,"Script error.","""""",0,0,null
1481996092,"Script error.","""""",0,0,null
1481996092,"Script error.","""""",0,0,null
1481996093,"Script error.","""""",0,0,null
1481996093,"Script error.","""""",0,0,null
1481996094,"Script error.","""""",0,0,null
1481996094,"Script error.","""""",0,0,null
1481996095,"Script error.","""""",0,0,null
1481996095,"Script error.","""""",0,0,null
1481996096,"Script error.","""""",0,0,null
1481996096,"Script error.","""""",0,0,null
1481996097,"Script error.","""""",0,0,null
1481996097,"Script error.","""""",0,0,null
1481996098,"Script error.","""""",0,0,null
1481996098,"Script error.","""""",0,0,null
1481996099,"Script error.","""""",0,0,null
1481996099,"Script error.","""""",0,0,null
1481996100,"Script error.","""""",0,0,null
1481996100,"Script error.","""""",0,0,null
1481996101,"Script error.","""""",0,0,null
1481996101,"Script error.","""""",0,0,null
1481996102,"Script error.","""""",0,0,null
1481996102,"Script error.","""""",0,0,null
1481996103,"Script error.","""""",0,0,null
1481996103,"Script error.","""""",0,0,null
1481996104,"Script error.","""""",0,0,null
1481996104,"Script error.","""""",0,0,null
1481996105,"Script error.","""""",0,0,null
1481996105,"Script error.","""""",0,0,null
1481996106,"Script error.","""""",0,0,null
1481996106,"Script error.","""""",0,0,null
1481996107,"Script error.","""""",0,0,null
1481996107,"Script error.","""""",0,0,null
1481996108,"Script error.","""""",0,0,null
1481996108,"Script error.","""""",0,0,null
1481996109,"Script error.","""""",0,0,null
1481996109,"Script error.","""""",0,0,null
1481996110,"Script error.","""""",0,0,null
1481996110,"Script error.","""""",0,0,null
1481996111,"Script error.","""""",0,0,null
1481996111,"Script error.","""""",0,0,null
1481996112,"Script error.","""""",0,0,null
1481996112,"Script error.","""""",0,0,null
1481996113,"Script error.","""""",0,0,null
1481996113,"Script error.","""""",0,0,null
1481996114,"Script error.","""""",0,0,null
1481996114,"Script error.","""""",0,0,null
1481996115,"Script error.","""""",0,0,null
1481996115,"Script error.","""""",0,0,null
1481996116,"Script error.","""""",0,0,null
1481996116,"Script error.","""""",0,0,null
1481996117,"Script error.","""""",0,0,null
1481996118,"Script error.","""""",0,0,null
1481996119,"Script error.","""""",0,0,null
1481996120,"Script error.","""""",0,0,null
1481996121,"Script error.","""""",0,0,null
1481996122,"Script error.","""""",0,0,null
1481996123,"Script error.","""""",0,0,null
1481996124,"Script error.","""""",0,0,null
1481996125,"Script error.","""""",0,0,null
1481996126,"Script error.","""""",0,0,null
1481996127,"Script error.","""""",0,0,null
1481996127,"Script error.","""""",0,0,null
1481996128,"Script error.","""""",0,0,null
1481996128,"Script error.","""""",0,0,null
1481996129,"Script error.","""""",0,0,null
1481996129,"Script error.","""""",0,0,null
1481996130,"Script error.","""""",0,0,null
1481996130,"Script error.","""""",0,0,null
1481996131,"Script error.","""""",0,0,null
1481996131,"Script error.","""""",0,0,null
1481996132,"Script error.","""""",0,0,null
1481996132,"Script error.","""""",0,0,null
1481996133,"Script error.","""""",0,0,null
1481996133,"Script error.","""""",0,0,null
1481996134,"Script error.","""""",0,0,null
1481996134,"Script error.","""""",0,0,null
1481996135,"Script error.","""""",0,0,null
1481996135,"Script error.","""""",0,0,null
1481996136,"Script error.","""""",0,0,null
1481996136,"Script error.","""""",0,0,null
1481996137,"Script error.","""""",0,0,null
1481996137,"Script error.","""""",0,0,null
1481996138,"Script error.","""""",0,0,null
1481996138,"Script error.","""""",0,0,null
1481996139,"Script error.","""""",0,0,null
1481996139,"Script error.","""""",0,0,null
1481996140,"Script error.","""""",0,0,null
1481996140,"Script error.","""""",0,0,null
1481996141,"Script error.","""""",0,0,null
1481996141,"Script error.","""""",0,0,null
1481996142,"Script error.","""""",0,0,null
1481996142,"Script error.","""""",0,0,null
1481996143,"Script error.","""""",0,0,null
1481996143,"Script error.","""""",0,0,null
1481996144,"Script error.","""""",0,0,null
1481996144,"Script error.","""""",0,0,null
1481996145,"Script error.","""""",0,0,null
1481996145,"Script error.","""""",0,0,null
1481996146,"Script error.","""""",0,0,null
1481996146,"Script error.","""""",0,0,null
1481996147,"Script error.","""""",0,0,null
1481996147,"Script error.","""""",0,0,null
1481996148,"Script error.","""""",0,0,null
1481996148,"Script error.","""""",0,0,null
1481996149,"Script error.","""""",0,0,null
1481996149,"Script error.","""""",0,0,null
1481996150,"Script error.","""""",0,0,null
1481996150,"Script error.","""""",0,0,null
1481996151,"Script error.","""""",0,0,null
1481996151,"Script error.","""""",0,0,null
1481996152,"Script error.","""""",0,0,null
1481996152,"Script error.","""""",0,0,null
1481996153,"Script error.","""""",0,0,null
1481996153,"Script error.","""""",0,0,null
1481996154,"Script error.","""""",0,0,null
1481996154,"Script error.","""""",0,0,null
1481996155,"Script error.","""""",0,0,null
1481996155,"Script error.","""""",0,0,null
1481996156,"Script error.","""""",0,0,null
1481996156,"Script error.","""""",0,0,null
1481996157,"Script error.","""""",0,0,null
1481996157,"Script error.","""""",0,0,null
1481996158,"Script error.","""""",0,0,null
1481996158,"Script error.","""""",0,0,null
1481996159,"Script error.","""""",0,0,null
1481996159,"Script error.","""""",0,0,null
1481996160,"Script error.","""""",0,0,null
1481996160,"Script error.","""""",0,0,null
1481996161,"Script error.","""""",0,0,null
1481996161,"Script error.","""""",0,0,null
1481996162,"Script error.","""""",0,0,null
1481996162,"Script error.","""""",0,0,null
1481996163,"Script error.","""""",0,0,null
1481996163,"Script error.","""""",0,0,null
1481996164,"Script error.","""""",0,0,null
1481996164,"Script error.","""""",0,0,null
1481996165,"Script error.","""""",0,0,null
1481996165,"Script error.","""""",0,0,null
1481996166,"Script error.","""""",0,0,null
1481996166,"Script error.","""""",0,0,null
1481996167,"Script error.","""""",0,0,null
1481996167,"Script error.","""""",0,0,null
1481996168,"Script error.","""""",0,0,null
1481996168,"Script error.","""""",0,0,null
1481996169,"Script error.","""""",0,0,null
1481996169,"Script error.","""""",0,0,null
1481996170,"Script error.","""""",0,0,null
1481996170,"Script error.","""""",0,0,null
1481996171,"Script error.","""""",0,0,null
1481996171,"Script error.","""""",0,0,null
1481996172,"Script error.","""""",0,0,null
1481996172,"Script error.","""""",0,0,null
1481996173,"Script error.","""""",0,0,null
1481996173,"Script error.","""""",0,0,null
1481996174,"Script error.","""""",0,0,null
1481996174,"Script error.","""""",0,0,null
1481996175,"Script error.","""""",0,0,null
1481996175,"Script error.","""""",0,0,null
1481996176,"Script error.","""""",0,0,null
1481996176,"Script error.","""""",0,0,null
1481996177,"Script error.","""""",0,0,null
1481996177,"Script error.","""""",0,0,null
1481996178,"Script error.","""""",0,0,null
1481996178,"Script error.","""""",0,0,null
1481996179,"Script error.","""""",0,0,null
1481996179,"Script error.","""""",0,0,null
1481996180,"Script error.","""""",0,0,null
1481996180,"Script error.","""""",0,0,null
1481996181,"Script error.","""""",0,0,null
1481996181,"Script error.","""""",0,0,null
1481996182,"Script error.","""""",0,0,null
1481996182,"Script error.","""""",0,0,null
1481996183,"Script error.","""""",0,0,null
1481996183,"Script error.","""""",0,0,null
1481996184,"Script error.","""""",0,0,null
1481996184,"Script error.","""""",0,0,null
1481996185,"Script error.","""""",0,0,null
1481996185,"Script error.","""""",0,0,null
1481996186,"Script error.","""""",0,0,null
1481996186,"Script error.","""""",0,0,null
1481996187,"Script error.","""""",0,0,null
1481996187,"Script error.","""""",0,0,null
1481996188,"Script error.","""""",0,0,null
1481996188,"Script error.","""""",0,0,null
1481996189,"Script error.","""""",0,0,null
1481996189,"Script error.","""""",0,0,null
1481996190,"Script error.","""""",0,0,null
1481996190,"Script error.","""""",0,0,null
1481996191,"Script error.","""""",0,0,null
1481996191,"Script error.","""""",0,0,null
1481996192,"Script error.","""""",0,0,null
1481996192,"Script error.","""""",0,0,null
1481996193,"Script error.","""""",0,0,null
1481996193,"Script error.","""""",0,0,null
1481996194,"Script error.","""""",0,0,null
1481996194,"Script error.","""""",0,0,null
1481996195,"Script error.","""""",0,0,null
1481996195,"Script error.","""""",0,0,null
1481996196,"Script error.","""""",0,0,null
1481996196,"Script error.","""""",0,0,null
1481996197,"Script error.","""""",0,0,null
1481996197,"Script error.","""""",0,0,null
1481996198,"Script error.","""""",0,0,null
1481996198,"Script error.","""""",0,0,null
1481996199,"Script error.","""""",0,0,null
1481996199,"Script error.","""""",0,0,null
1481996200,"Script error.","""""",0,0,null
1481996200,"Script error.","""""",0,0,null
1481996201,"Script error.","""""",0,0,null
1481996201,"Script error.","""""",0,0,null
1481996202,"Script error.","""""",0,0,null
1481996202,"Script error.","""""",0,0,null
1481996203,"Script error.","""""",0,0,null
1481996203,"Script error.","""""",0,0,null
1481996204,"Script error.","""""",0,0,null
1481996204,"Script error.","""""",0,0,null
1481996205,"Script error.","""""",0,0,null
1481996205,"Script error.","""""",0,0,null
1481996206,"Script error.","""""",0,0,null
1481996206,"Script error.","""""",0,0,null
1481996207,"Script error.","""""",0,0,null
1481996207,"Script error.","""""",0,0,null
1481996208,"Script error.","""""",0,0,null
1481996208,"Script error.","""""",0,0,null
1481996209,"Script error.","""""",0,0,null
1481996209,"Script error.","""""",0,0,null
1481996210,"Script error.","""""",0,0,null
1481996210,"Script error.","""""",0,0,null
1481996211,"Script error.","""""",0,0,null
1481996213,"Script error.","""""",0,0,null
1481996213,"Script error.","""""",0,0,null
1481996213,"Script error.","""""",0,0,null
1481996213,"Script error.","""""",0,0,null
1481996214,"Script error.","""""",0,0,null
1481996215,"Script error.","""""",0,0,null
1481996216,"Script error.","""""",0,0,null
1481996217,"Script error.","""""",0,0,null
1481996218,"Script error.","""""",0,0,null
1481996219,"Script error.","""""",0,0,null
1481996220,"Script error.","""""",0,0,null
1481996221,"Script error.","""""",0,0,null
1481996222,"Script error.","""""",0,0,null
1481996223,"Script error.","""""",0,0,null
1481996224,"Script error.","""""",0,0,null
1481996225,"Script error.","""""",0,0,null
1481996226,"Script error.","""""",0,0,null
1481996227,"Script error.","""""",0,0,null
1481996228,"Script error.","""""",0,0,null
1481996229,"Script error.","""""",0,0,null
1481996229,"Script error.","""""",0,0,null
1481996230,"Script error.","""""",0,0,null
1481996230,"Script error.","""""",0,0,null
1481996231,"Script error.","""""",0,0,null
1481996231,"Script error.","""""",0,0,null
1481996232,"Script error.","""""",0,0,null
1481996232,"Script error.","""""",0,0,null
1481996233,"Script error.","""""",0,0,null
1481996233,"Script error.","""""",0,0,null
1481996234,"Script error.","""""",0,0,null
1481996234,"Script error.","""""",0,0,null
1481996235,"Script error.","""""",0,0,null
1481996235,"Script error.","""""",0,0,null
1481996236,"Script error.","""""",0,0,null
1481996236,"Script error.","""""",0,0,null
1481996237,"Script error.","""""",0,0,null
1481996237,"Script error.","""""",0,0,null
1481996238,"Script error.","""""",0,0,null
1481996238,"Script error.","""""",0,0,null
1481996239,"Script error.","""""",0,0,null
1481996239,"Script error.","""""",0,0,null
1481996240,"Script error.","""""",0,0,null
1481996240,"Script error.","""""",0,0,null
1481996241,"Script error.","""""",0,0,null
1481996241,"Script error.","""""",0,0,null
1481996242,"Script error.","""""",0,0,null
1481996242,"Script error.","""""",0,0,null
1481996243,"Script error.","""""",0,0,null
1481996243,"Script error.","""""",0,0,null
1481996244,"Script error.","""""",0,0,null
1481996244,"Script error.","""""",0,0,null
1481996245,"Script error.","""""",0,0,null
1481996245,"Script error.","""""",0,0,null
1481996246,"Script error.","""""",0,0,null
1481996246,"Script error.","""""",0,0,null
1481996247,"Script error.","""""",0,0,null
1481996247,"Script error.","""""",0,0,null
1481996248,"Script error.","""""",0,0,null
1481996248,"Script error.","""""",0,0,null
1481996249,"Script error.","""""",0,0,null
1481996249,"Script error.","""""",0,0,null
1481996250,"Script error.","""""",0,0,null
1481996250,"Script error.","""""",0,0,null
1481996251,"Script error.","""""",0,0,null
1481996251,"Script error.","""""",0,0,null
1481996252,"Script error.","""""",0,0,null
1481996252,"Script error.","""""",0,0,null
1481996253,"Script error.","""""",0,0,null
1481996253,"Script error.","""""",0,0,null
1481996254,"Script error.","""""",0,0,null
1481996254,"Script error.","""""",0,0,null
1481996255,"Script error.","""""",0,0,null
1481996255,"Script error.","""""",0,0,null
1481996256,"Script error.","""""",0,0,null
1481996256,"Script error.","""""",0,0,null
1481996257,"Script error.","""""",0,0,null
1481996257,"Script error.","""""",0,0,null
1481996258,"Script error.","""""",0,0,null
1481996258,"Script error.","""""",0,0,null
1481996259,"Script error.","""""",0,0,null
1481996259,"Script error.","""""",0,0,null
1481996260,"Script error.","""""",0,0,null
1481996260,"Script error.","""""",0,0,null
1481996261,"Script error.","""""",0,0,null
1481996261,"Script error.","""""",0,0,null
1481996262,"Script error.","""""",0,0,null
1481996262,"Script error.","""""",0,0,null
1481996263,"Script error.","""""",0,0,null
1481996263,"Script error.","""""",0,0,null
1481996264,"Script error.","""""",0,0,null
1481996264,"Script error.","""""",0,0,null
1481996265,"Script error.","""""",0,0,null
1481996265,"Script error.","""""",0,0,null
1481996266,"Script error.","""""",0,0,null
1481996266,"Script error.","""""",0,0,null
1481996267,"Script error.","""""",0,0,null
1481996269,"Script error.","""""",0,0,null
1481996269,"Script error.","""""",0,0,null
1481996270,"Script error.","""""",0,0,null
1481996271,"Script error.","""""",0,0,null
1481996272,"Script error.","""""",0,0,null
1481996273,"Script error.","""""",0,0,null
1481996274,"Script error.","""""",0,0,null
1481996275,"Script error.","""""",0,0,null
1481996276,"Script error.","""""",0,0,null
1481996277,"Script error.","""""",0,0,null
1481996278,"Script error.","""""",0,0,null
1481996279,"Script error.","""""",0,0,null
1481996280,"Script error.","""""",0,0,null
1481996281,"Script error.","""""",0,0,null
1481996282,"Script error.","""""",0,0,null
1481996283,"Script error.","""""",0,0,null
1481996285,"Script error.","""""",0,0,null
1481996285,"Script error.","""""",0,0,null
1481996286,"Script error.","""""",0,0,null
1481996287,"Script error.","""""",0,0,null
1481996289,"Script error.","""""",0,0,null
1481996290,"Script error.","""""",0,0,null
1481996291,"Script error.","""""",0,0,null
1481996291,"Script error.","""""",0,0,null
1481996292,"Script error.","""""",0,0,null
1481996293,"Script error.","""""",0,0,null
1481996294,"Script error.","""""",0,0,null
1481996295,"Script error.","""""",0,0,null
1481996296,"Script error.","""""",0,0,null
1481996297,"Script error.","""""",0,0,null
1481996298,"Script error.","""""",0,0,null
1481996299,"Script error.","""""",0,0,null
1481996301,"Script error.","""""",0,0,null
1481996301,"Script error.","""""",0,0,null
1481996303,"Script error.","""""",0,0,null
1481996303,"Script error.","""""",0,0,null
1481996304,"Script error.","""""",0,0,null
1481996305,"Script error.","""""",0,0,null
1481996306,"Script error.","""""",0,0,null
1481996307,"Script error.","""""",0,0,null
1481996308,"Script error.","""""",0,0,null
1481996309,"Script error.","""""",0,0,null
1481996310,"Script error.","""""",0,0,null
1481996311,"Script error.","""""",0,0,null
1481996312,"Script error.","""""",0,0,null
1481996313,"Script error.","""""",0,0,null
1481996314,"Script error.","""""",0,0,null
1481996315,"Script error.","""""",0,0,null
1481996316,"Script error.","""""",0,0,null
1481996317,"Script error.","""""",0,0,null
1481996318,"Script error.","""""",0,0,null
1481996319,"Script error.","""""",0,0,null
1481996320,"Script error.","""""",0,0,null
1481996321,"Script error.","""""",0,0,null
1481996322,"Script error.","""""",0,0,null
1481996323,"Script error.","""""",0,0,null
1481996324,"Script error.","""""",0,0,null
1481996325,"Script error.","""""",0,0,null
1481996326,"Script error.","""""",0,0,null
1481996327,"Script error.","""""",0,0,null
1481996328,"Script error.","""""",0,0,null
1481996329,"Script error.","""""",0,0,null
1481996330,"Script error.","""""",0,0,null
1481996331,"Script error.","""""",0,0,null
1481996332,"Script error.","""""",0,0,null
1481996333,"Script error.","""""",0,0,null
1481996334,"Script error.","""""",0,0,null
1481996335,"Script error.","""""",0,0,null
1481996336,"Script error.","""""",0,0,null
1481996337,"Script error.","""""",0,0,null
1481996338,"Script error.","""""",0,0,null
1481996339,"Script error.","""""",0,0,null
1481996340,"Script error.","""""",0,0,null
1481996341,"Script error.","""""",0,0,null
1481996342,"Script error.","""""",0,0,null
1481996343,"Script error.","""""",0,0,null
1481996344,"Script error.","""""",0,0,null
1481996345,"Script error.","""""",0,0,null
1481996346,"Script error.","""""",0,0,null
1481996347,"Script error.","""""",0,0,null
1481996348,"Script error.","""""",0,0,null
1481996349,"Script error.","""""",0,0,null
1481996350,"Script error.","""""",0,0,null
1481996351,"Script error.","""""",0,0,null
1481996352,"Script error.","""""",0,0,null
1481996353,"Script error.","""""",0,0,null
1481996354,"Script error.","""""",0,0,null
1481996355,"Script error.","""""",0,0,null
1481996356,"Script error.","""""",0,0,null
1481996357,"Script error.","""""",0,0,null
1481996358,"Script error.","""""",0,0,null
1481996359,"Script error.","""""",0,0,null
1481996360,"Script error.","""""",0,0,null
1481996361,"Script error.","""""",0,0,null
1481996362,"Script error.","""""",0,0,null
1481996363,"Script error.","""""",0,0,null
1481996364,"Script error.","""""",0,0,null
1481996365,"Script error.","""""",0,0,null
1481996366,"Script error.","""""",0,0,null
1481996367,"Script error.","""""",0,0,null
1481996368,"Script error.","""""",0,0,null
1481996370,"Script error.","""""",0,0,null
1481996371,"Script error.","""""",0,0,null
1481996371,"Script error.","""""",0,0,null
1481996373,"Script error.","""""",0,0,null
1481996373,"Script error.","""""",0,0,null
1481996375,"Script error.","""""",0,0,null
1481996375,"Script error.","""""",0,0,null
1481996376,"Script error.","""""",0,0,null
1481996377,"Script error.","""""",0,0,null
1481996378,"Script error.","""""",0,0,null
1481996380,"Script error.","""""",0,0,null
1481996380,"Script error.","""""",0,0,null
1481996381,"Script error.","""""",0,0,null
1481996384,"Script error.","""""",0,0,null
1481996384,"Script error.","""""",0,0,null
1481996384,"Script error.","""""",0,0,null
1481996385,"Script error.","""""",0,0,null
1481996386,"Script error.","""""",0,0,null
1481996387,"Script error.","""""",0,0,null
1481996388,"Script error.","""""",0,0,null
1481996389,"Script error.","""""",0,0,null
1481996390,"Script error.","""""",0,0,null
1481996391,"Script error.","""""",0,0,null
1481996392,"Script error.","""""",0,0,null
1481996393,"Script error.","""""",0,0,null
1481996394,"Script error.","""""",0,0,null
1481996395,"Script error.","""""",0,0,null
1481996396,"Script error.","""""",0,0,null
1481996397,"Script error.","""""",0,0,null
1481996398,"Script error.","""""",0,0,null
1481996399,"Script error.","""""",0,0,null
1481996400,"Script error.","""""",0,0,null
1481996401,"Script error.","""""",0,0,null
1481996402,"Script error.","""""",0,0,null
1481996402,"Script error.","""""",0,0,null
1481996402,"Script error.","""""",0,0,null
1481996403,"Script error.","""""",0,0,null
1481996403,"Script error.","""""",0,0,null
1481996404,"Script error.","""""",0,0,null
1481996404,"Script error.","""""",0,0,null
1481996405,"Script error.","""""",0,0,null
1481996405,"Script error.","""""",0,0,null
1481996406,"Script error.","""""",0,0,null
1481996406,"Script error.","""""",0,0,null
1481996407,"Script error.","""""",0,0,null
1481996407,"Script error.","""""",0,0,null
1481996408,"Script error.","""""",0,0,null
1481996408,"Script error.","""""",0,0,null
1481996409,"Script error.","""""",0,0,null
1481996409,"Script error.","""""",0,0,null
1481996410,"Script error.","""""",0,0,null
1481996410,"Script error.","""""",0,0,null
1481996411,"Script error.","""""",0,0,null
1481996411,"Script error.","""""",0,0,null
1481996412,"Script error.","""""",0,0,null
1481996412,"Script error.","""""",0,0,null
1481996413,"Script error.","""""",0,0,null
1481996413,"Script error.","""""",0,0,null
1481996414,"Script error.","""""",0,0,null
1481996415,"Script error.","""""",0,0,null
1481996415,"Script error.","""""",0,0,null
1481996415,"Script error.","""""",0,0,null
1481996416,"Script error.","""""",0,0,null
1481996416,"Script error.","""""",0,0,null
1481996417,"Script error.","""""",0,0,null
1481996417,"Script error.","""""",0,0,null
1481996418,"Script error.","""""",0,0,null
1481996418,"Script error.","""""",0,0,null
1481996419,"Script error.","""""",0,0,null
1481996419,"Script error.","""""",0,0,null
1481996421,"Script error.","""""",0,0,null
1481996421,"Script error.","""""",0,0,null
1481996421,"Script error.","""""",0,0,null
1481996421,"Script error.","""""",0,0,null
1481996422,"Script error.","""""",0,0,null
1481996424,"Script error.","""""",0,0,null
1481996424,"Script error.","""""",0,0,null
1481996424,"Script error.","""""",0,0,null
1481996424,"Script error.","""""",0,0,null
1481996424,"Script error.","""""",0,0,null
1481996425,"Script error.","""""",0,0,null
1481996425,"Script error.","""""",0,0,null
1481996426,"Script error.","""""",0,0,null
1481996426,"Script error.","""""",0,0,null
1481996427,"Script error.","""""",0,0,null
1481996427,"Script error.","""""",0,0,null
1481996428,"Script error.","""""",0,0,null
1481996428,"Script error.","""""",0,0,null
1481996429,"Script error.","""""",0,0,null
1481996429,"Script error.","""""",0,0,null
1481996430,"Script error.","""""",0,0,null
1481996430,"Script error.","""""",0,0,null
1481996431,"Script error.","""""",0,0,null
1481996431,"Script error.","""""",0,0,null
1481996432,"Script error.","""""",0,0,null
1481996432,"Script error.","""""",0,0,null
1481996433,"Script error.","""""",0,0,null
1481996433,"Script error.","""""",0,0,null
1481996434,"Script error.","""""",0,0,null
1481996434,"Script error.","""""",0,0,null
1481996435,"Script error.","""""",0,0,null
1481996435,"Script error.","""""",0,0,null
1481996436,"Script error.","""""",0,0,null
1481996436,"Script error.","""""",0,0,null
1481996437,"Script error.","""""",0,0,null
1481996437,"Script error.","""""",0,0,null
1481996438,"Script error.","""""",0,0,null
1481996438,"Script error.","""""",0,0,null
1481996439,"Script error.","""""",0,0,null
1481996439,"Script error.","""""",0,0,null
1481996440,"Script error.","""""",0,0,null
1481996440,"Script error.","""""",0,0,null
1481996441,"Script error.","""""",0,0,null
1481996441,"Script error.","""""",0,0,null
1481996442,"Script error.","""""",0,0,null
1481996442,"Script error.","""""",0,0,null
1481996443,"Script error.","""""",0,0,null
1481996443,"Script error.","""""",0,0,null
1481996444,"Script error.","""""",0,0,null
1481996444,"Script error.","""""",0,0,null
1481996445,"Script error.","""""",0,0,null
1481996445,"Script error.","""""",0,0,null
1481996446,"Script error.","""""",0,0,null
1481996446,"Script error.","""""",0,0,null
1481996447,"Script error.","""""",0,0,null
1481996447,"Script error.","""""",0,0,null
1481996448,"Script error.","""""",0,0,null
1481996448,"Script error.","""""",0,0,null
1481996449,"Script error.","""""",0,0,null
1481996449,"Script error.","""""",0,0,null
1481996450,"Script error.","""""",0,0,null
1481996450,"Script error.","""""",0,0,null
1481996451,"Script error.","""""",0,0,null
1481996451,"Script error.","""""",0,0,null
1481996452,"Script error.","""""",0,0,null
1481996452,"Script error.","""""",0,0,null
1481996453,"Script error.","""""",0,0,null
1481996453,"Script error.","""""",0,0,null
1481996454,"Script error.","""""",0,0,null
1481996454,"Script error.","""""",0,0,null
1481996455,"Script error.","""""",0,0,null
1481996455,"Script error.","""""",0,0,null
1481996456,"Script error.","""""",0,0,null
1481996456,"Script error.","""""",0,0,null
1481996457,"Script error.","""""",0,0,null
1481996457,"Script error.","""""",0,0,null
1481996458,"Script error.","""""",0,0,null
1481996458,"Script error.","""""",0,0,null
1481996459,"Script error.","""""",0,0,null
1481996459,"Script error.","""""",0,0,null
1481996460,"Script error.","""""",0,0,null
1481996460,"Script error.","""""",0,0,null
1481996461,"Script error.","""""",0,0,null
1481996461,"Script error.","""""",0,0,null
1481996462,"Script error.","""""",0,0,null
1481996462,"Script error.","""""",0,0,null
1481996463,"Script error.","""""",0,0,null
1481996463,"Script error.","""""",0,0,null
1481996464,"Script error.","""""",0,0,null
1481996464,"Script error.","""""",0,0,null
1481996465,"Script error.","""""",0,0,null
1481996465,"Script error.","""""",0,0,null
1481996466,"Script error.","""""",0,0,null
1481996466,"Script error.","""""",0,0,null
1481996467,"Script error.","""""",0,0,null
1481996467,"Script error.","""""",0,0,null
1481996468,"Script error.","""""",0,0,null
1481996468,"Script error.","""""",0,0,null
1481996469,"Script error.","""""",0,0,null
1481996469,"Script error.","""""",0,0,null
1481996470,"Script error.","""""",0,0,null
1481996470,"Script error.","""""",0,0,null
1481996471,"Script error.","""""",0,0,null
1481996471,"Script error.","""""",0,0,null
1481996472,"Script error.","""""",0,0,null
1481996472,"Script error.","""""",0,0,null
1481996473,"Script error.","""""",0,0,null
1481996473,"Script error.","""""",0,0,null
1481996474,"Script error.","""""",0,0,null
1481996474,"Script error.","""""",0,0,null
1481996475,"Script error.","""""",0,0,null
1481996475,"Script error.","""""",0,0,null
1481996476,"Script error.","""""",0,0,null
1481996476,"Script error.","""""",0,0,null
1481996477,"Script error.","""""",0,0,null
1481996477,"Script error.","""""",0,0,null
1481996478,"Script error.","""""",0,0,null
1481996478,"Script error.","""""",0,0,null
1481996479,"Script error.","""""",0,0,null
1481996479,"Script error.","""""",0,0,null
1481996480,"Script error.","""""",0,0,null
1481996480,"Script error.","""""",0,0,null
1481996481,"Script error.","""""",0,0,null
1481996481,"Script error.","""""",0,0,null
1481996482,"Script error.","""""",0,0,null
1481996482,"Script error.","""""",0,0,null
1481996483,"Script error.","""""",0,0,null
1481996483,"Script error.","""""",0,0,null
1481996484,"Script error.","""""",0,0,null
1481996485,"Script error.","""""",0,0,null
1481996485,"Script error.","""""",0,0,null
1481996485,"Script error.","""""",0,0,null
1481996486,"Script error.","""""",0,0,null
1481996486,"Script error.","""""",0,0,null
1481996487,"Script error.","""""",0,0,null
1481996487,"Script error.","""""",0,0,null
1481996488,"Script error.","""""",0,0,null
1481996488,"Script error.","""""",0,0,null
1481996489,"Script error.","""""",0,0,null
1481996489,"Script error.","""""",0,0,null
1481996490,"Script error.","""""",0,0,null
1481996490,"Script error.","""""",0,0,null
1481996491,"Script error.","""""",0,0,null
1481996491,"Script error.","""""",0,0,null
1481996492,"Script error.","""""",0,0,null
1481996492,"Script error.","""""",0,0,null
1481996493,"Script error.","""""",0,0,null
1481996493,"Script error.","""""",0,0,null
1481996494,"Script error.","""""",0,0,null
1481996494,"Script error.","""""",0,0,null
1481996495,"Script error.","""""",0,0,null
1481996495,"Script error.","""""",0,0,null
1481996496,"Script error.","""""",0,0,null
1481996496,"Script error.","""""",0,0,null
1481996497,"Script error.","""""",0,0,null
1481996497,"Script error.","""""",0,0,null
1481996498,"Script error.","""""",0,0,null
1481996498,"Script error.","""""",0,0,null
1481996499,"Script error.","""""",0,0,null
1481996499,"Script error.","""""",0,0,null
1481996500,"Script error.","""""",0,0,null
1481996500,"Script error.","""""",0,0,null
1481996501,"Script error.","""""",0,0,null
1481996501,"Script error.","""""",0,0,null
1481996502,"Script error.","""""",0,0,null
1481996502,"Script error.","""""",0,0,null
1481996503,"Script error.","""""",0,0,null
1481996503,"Script error.","""""",0,0,null
1481996504,"Script error.","""""",0,0,null
1481996504,"Script error.","""""",0,0,null
1481996505,"Script error.","""""",0,0,null
1481996505,"Script error.","""""",0,0,null
1481996506,"Script error.","""""",0,0,null
1481996506,"Script error.","""""",0,0,null
1481996507,"Script error.","""""",0,0,null
1481996507,"Script error.","""""",0,0,null
1481996508,"Script error.","""""",0,0,null
1481996508,"Script error.","""""",0,0,null
1481996509,"Script error.","""""",0,0,null
1481996509,"Script error.","""""",0,0,null
1481996510,"Script error.","""""",0,0,null
1481996510,"Script error.","""""",0,0,null
1481996511,"Script error.","""""",0,0,null
1481996511,"Script error.","""""",0,0,null
1481996512,"Script error.","""""",0,0,null
1481996512,"Script error.","""""",0,0,null
1481996513,"Script error.","""""",0,0,null
1481996513,"Script error.","""""",0,0,null
1481996514,"Script error.","""""",0,0,null
1481996515,"Script error.","""""",0,0,null
1481996515,"Script error.","""""",0,0,null
1481996515,"Script error.","""""",0,0,null
1481996516,"Script error.","""""",0,0,null
1481996517,"Script error.","""""",0,0,null
1481996517,"Script error.","""""",0,0,null
1481996518,"Script error.","""""",0,0,null
1481996518,"Script error.","""""",0,0,null
1481996519,"Script error.","""""",0,0,null
1481996519,"Script error.","""""",0,0,null
1481996520,"Script error.","""""",0,0,null
1481996520,"Script error.","""""",0,0,null
1481996521,"Script error.","""""",0,0,null
1481996521,"Script error.","""""",0,0,null
1481996522,"Script error.","""""",0,0,null
1481996522,"Script error.","""""",0,0,null
1481996523,"Script error.","""""",0,0,null
1481996523,"Script error.","""""",0,0,null
1481996524,"Script error.","""""",0,0,null
1481996524,"Script error.","""""",0,0,null
1481996525,"Script error.","""""",0,0,null
1481996525,"Script error.","""""",0,0,null
1481996525,"Script error.","""""",0,0,null
1481996526,"Script error.","""""",0,0,null
1481996526,"Script error.","""""",0,0,null
1481996527,"Script error.","""""",0,0,null
1481996527,"Script error.","""""",0,0,null
1481996528,"Script error.","""""",0,0,null
1481996528,"Script error.","""""",0,0,null
1481996529,"Script error.","""""",0,0,null
1481996529,"Script error.","""""",0,0,null
1481996530,"Script error.","""""",0,0,null
1481996530,"Script error.","""""",0,0,null
1481996531,"Script error.","""""",0,0,null
1481996531,"Script error.","""""",0,0,null
1481996532,"Script error.","""""",0,0,null
1481996533,"Script error.","""""",0,0,null
1481996533,"Script error.","""""",0,0,null
1481996534,"Script error.","""""",0,0,null
1481996534,"Script error.","""""",0,0,null
1481996535,"Script error.","""""",0,0,null
1481996535,"Script error.","""""",0,0,null
1481996536,"Script error.","""""",0,0,null
1481996536,"Script error.","""""",0,0,null
1481996537,"Script error.","""""",0,0,null
1481996537,"Script error.","""""",0,0,null
1481996538,"Script error.","""""",0,0,null
1481996538,"Script error.","""""",0,0,null
1481996539,"Script error.","""""",0,0,null
1481996539,"Script error.","""""",0,0,null
1481996540,"Script error.","""""",0,0,null
1481996540,"Script error.","""""",0,0,null
1481996541,"Script error.","""""",0,0,null
1481996541,"Script error.","""""",0,0,null
1481996542,"Script error.","""""",0,0,null
1481996542,"Script error.","""""",0,0,null
1481996543,"Script error.","""""",0,0,null
1481996543,"Script error.","""""",0,0,null
1481996544,"Script error.","""""",0,0,null
1481996544,"Script error.","""""",0,0,null
1481996545,"Script error.","""""",0,0,null
1481996545,"Script error.","""""",0,0,null
1481996546,"Script error.","""""",0,0,null
1481996546,"Script error.","""""",0,0,null
1481996547,"Script error.","""""",0,0,null
1481996547,"Script error.","""""",0,0,null
1481996548,"Script error.","""""",0,0,null
1481996548,"Script error.","""""",0,0,null
1481996549,"Script error.","""""",0,0,null
1481996549,"Script error.","""""",0,0,null
1481996550,"Script error.","""""",0,0,null
1481996550,"Script error.","""""",0,0,null
1481996551,"Script error.","""""",0,0,null
1481996551,"Script error.","""""",0,0,null
1481996552,"Script error.","""""",0,0,null
1481996552,"Script error.","""""",0,0,null
1481996553,"Script error.","""""",0,0,null
1481996553,"Script error.","""""",0,0,null
1481996554,"Script error.","""""",0,0,null
1481996554,"Script error.","""""",0,0,null
1481996555,"Script error.","""""",0,0,null
1481996555,"Script error.","""""",0,0,null
1481996556,"Script error.","""""",0,0,null
1481996556,"Script error.","""""",0,0,null
1481996557,"Script error.","""""",0,0,null
1481996557,"Script error.","""""",0,0,null
1481996558,"Script error.","""""",0,0,null
1481996558,"Script error.","""""",0,0,null
1481996560,"Script error.","""""",0,0,null
1481996560,"Script error.","""""",0,0,null
1481996560,"Script error.","""""",0,0,null
1481996560,"Script error.","""""",0,0,null
1481996561,"Script error.","""""",0,0,null
1481996561,"Script error.","""""",0,0,null
1481996562,"Script error.","""""",0,0,null
1481996562,"Script error.","""""",0,0,null
1481996563,"Script error.","""""",0,0,null
1481996563,"Script error.","""""",0,0,null
1481996564,"Script error.","""""",0,0,null
1481996564,"Script error.","""""",0,0,null
1481996565,"Script error.","""""",0,0,null
1481996565,"Script error.","""""",0,0,null
1481996566,"Script error.","""""",0,0,null
1481996566,"Script error.","""""",0,0,null
1481996567,"Script error.","""""",0,0,null
1481996567,"Script error.","""""",0,0,null
1481996568,"Script error.","""""",0,0,null
1481996568,"Script error.","""""",0,0,null
1481996569,"Script error.","""""",0,0,null
1481996569,"Script error.","""""",0,0,null
1481996570,"Script error.","""""",0,0,null
1481996570,"Script error.","""""",0,0,null
1481996571,"Script error.","""""",0,0,null
1481996572,"Script error.","""""",0,0,null
1481996573,"Script error.","""""",0,0,null
1481996574,"Script error.","""""",0,0,null
1481996575,"Script error.","""""",0,0,null
1481996576,"Script error.","""""",0,0,null
1481996577,"Script error.","""""",0,0,null
1481996578,"Script error.","""""",0,0,null
1481996579,"Script error.","""""",0,0,null
1481996580,"Script error.","""""",0,0,null
1481996582,"Script error.","""""",0,0,null
1481996582,"Script error.","""""",0,0,null
1481996583,"Script error.","""""",0,0,null
1481996584,"Script error.","""""",0,0,null
1481996585,"Script error.","""""",0,0,null
1481996586,"Script error.","""""",0,0,null
1481996589,"Script error.","""""",0,0,null
1481996589,"Script error.","""""",0,0,null
1481996589,"Script error.","""""",0,0,null
1481996590,"Script error.","""""",0,0,null
1481996591,"Script error.","""""",0,0,null
1481996592,"Script error.","""""",0,0,null
1481996593,"Script error.","""""",0,0,null
1481996594,"Script error.","""""",0,0,null
1481996595,"Script error.","""""",0,0,null
1481996596,"Script error.","""""",0,0,null
1481996596,"Script error.","""""",0,0,null
1481996597,"Script error.","""""",0,0,null
1481996597,"Script error.","""""",0,0,null
1481996598,"Script error.","""""",0,0,null
